q1,q2,mean,stddev,stddev/mean
0.000000000100000,0.000000000100000,0.000000000516303,0.000000000020062,0.038856512923448
0.000000000100000,0.196349540949362,0.960185564862767,0.036428201036507,0.037938709317832
0.000000000100000,0.392699081798724,1.662296093463766,0.059829759551385,0.035992239762001
0.000000000100000,0.589048622648086,2.052637679482023,0.070381031457498,0.034288092906517
0.000000000100000,0.785398163497448,2.221077756970985,0.073947475134976,0.033293510280263
0.000000000100000,0.981747704346810,2.271434492188296,0.074626416593730,0.032854311603693
0.000000000100000,1.178097245196172,2.272861718589688,0.074340362269151,0.032707824528489
0.000000000100000,1.374446786045534,2.262508326056853,0.073932179349621,0.032677086089876
0.000000000100000,1.570796326894897,2.257439883346027,0.073762278763012,0.032675190735835
0.000000000100000,1.767145867744259,2.262508326066394,0.073932179349951,0.032677086089884
0.000000000100000,1.963495408593621,2.272861718598471,0.074340362269595,0.032707824528558
0.000000000100000,2.159844949442983,2.271434492170521,0.074626416593735,0.032854311603952
0.000000000100000,2.356194490292345,2.221077756874585,0.073947475133283,0.033293510280945
0.000000000100000,2.552544031141707,2.052637679216999,0.070381031451242,0.034288092907897
0.000000000100000,2.748893571991069,1.662296092915808,0.059829759535022,0.035992239764021
0.000000000100000,2.945243112840431,0.960185563987562,0.036428201004938,0.037938709319535
0.000000000100000,3.141592653689793,0.000000000516302,0.000000000020062,0.038856512923448
0.000000000100000,3.337942194539155,0.960185564862769,0.036428201036507,0.037938709317832
0.000000000100000,3.534291735388517,1.662296093463770,0.059829759551385,0.035992239762001
0.000000000100000,3.730641276237879,2.052637679482023,0.070381031457498,0.034288092906517
0.000000000100000,3.926990817087241,2.221077756970987,0.073947475134976,0.033293510280262
0.000000000100000,4.123340357936604,2.271434492188296,0.074626416593730,0.032854311603693
0.000000000100000,4.319689898785965,2.272861718589688,0.074340362269151,0.032707824528489
0.000000000100000,4.516039439635327,2.262508326056853,0.073932179349621,0.032677086089876
0.000000000100000,4.712388980484690,2.257439883346027,0.073762278763012,0.032675190735835
0.000000000100000,4.908738521334052,2.262508326066394,0.073932179349951,0.032677086089884
0.000000000100000,5.105088062183414,2.272861718598472,0.074340362269595,0.032707824528558
0.000000000100000,5.301437603032776,2.271434492170521,0.074626416593735,0.032854311603952
0.000000000100000,5.497787143882138,2.221077756874584,0.073947475133282,0.033293510280945
0.000000000100000,5.694136684731500,2.052637679217000,0.070381031451243,0.034288092907897
0.000000000100000,5.890486225580862,1.662296092915807,0.059829759535021,0.035992239764021
0.000000000100000,6.086835766430224,0.960185563987561,0.036428201004939,0.037938709319536
0.196349540949362,0.000000000100000,0.000000036034186,0.000000044381939,1.231662036866613
0.196349540949362,0.196349540949362,0.960185564862767,0.036428201036506,0.037938709317831
0.196349540949362,0.392699081798724,1.662296093463769,0.059829759551384,0.035992239762000
0.196349540949362,0.589048622648086,2.052637679482024,0.070381031457498,0.034288092906517
0.196349540949362,0.785398163497448,2.221077756970985,0.073947475134976,0.033293510280263
0.196349540949362,0.981747704346810,2.271434492188296,0.074626416593730,0.032854311603693
0.196349540949362,1.178097245196172,2.272861718589688,0.074340362269151,0.032707824528489
0.196349540949362,1.374446786045534,2.262508326056852,0.073932179349621,0.032677086089876
0.196349540949362,1.570796326894897,2.257439883346027,0.073762278763012,0.032675190735835
0.196349540949362,1.767145867744259,2.262508326066394,0.073932179349951,0.032677086089884
0.196349540949362,1.963495408593621,2.272861718598472,0.074340362269595,0.032707824528558
0.196349540949362,2.159844949442983,2.271434492170521,0.074626416593735,0.032854311603952
0.196349540949362,2.356194490292345,2.221077756874585,0.073947475133282,0.033293510280945
0.196349540949362,2.552544031141707,2.052637679216998,0.070381031451242,0.034288092907897
0.196349540949362,2.748893571991069,1.662296092915809,0.059829759535022,0.035992239764021
0.196349540949362,2.945243112840431,0.960185563987561,0.036428201004938,0.037938709319535
0.196349540949362,3.141592653689793,0.000000009341566,0.000000015028397,1.608766360920378
0.196349540949362,3.337942194539155,0.960185564862770,0.036428201036507,0.037938709317832
0.196349540949362,3.534291735388517,1.662296093463769,0.059829759551385,0.035992239762001
0.196349540949362,3.730641276237879,2.052637679482024,0.070381031457498,0.034288092906517
0.196349540949362,3.926990817087241,2.221077756970987,0.073947475134976,0.033293510280262
0.196349540949362,4.123340357936604,2.271434492188296,0.074626416593730,0.032854311603693
0.196349540949362,4.319689898785965,2.272861718589688,0.074340362269151,0.032707824528489
0.196349540949362,4.516039439635327,2.262508326056853,0.073932179349621,0.032677086089876
0.196349540949362,4.712388980484690,2.257439883346027,0.073762278763012,0.032675190735835
0.196349540949362,4.908738521334052,2.262508326066394,0.073932179349951,0.032677086089884
0.196349540949362,5.105088062183414,2.272861718598472,0.074340362269595,0.032707824528558
0.196349540949362,5.301437603032776,2.271434492170520,0.074626416593735,0.032854311603952
0.196349540949362,5.497787143882138,2.221077756874581,0.073947475133282,0.033293510280945
0.196349540949362,5.694136684731500,2.052637679216997,0.070381031451243,0.034288092907897
0.196349540949362,5.890486225580862,1.662296092915806,0.059829759535022,0.035992239764022
0.196349540949362,6.086835766430224,0.960185563987560,0.036428201004939,0.037938709319536
0.392699081798724,0.000000000100000,0.000000063069710,0.000000083330850,1.321249931397812
0.392699081798724,0.196349540949362,0.960185564862767,0.036428201036507,0.037938709317832
0.392699081798724,0.392699081798724,1.662296093463766,0.059829759551384,0.035992239762000
0.392699081798724,0.589048622648086,2.052637679482025,0.070381031457498,0.034288092906517
0.392699081798724,0.785398163497448,2.221077756970986,0.073947475134976,0.033293510280263
0.392699081798724,0.981747704346810,2.271434492188297,0.074626416593730,0.032854311603693
0.392699081798724,1.178097245196172,2.272861718589688,0.074340362269151,0.032707824528489
0.392699081798724,1.374446786045534,2.262508326056853,0.073932179349621,0.032677086089876
0.392699081798724,1.570796326894897,2.257439883346027,0.073762278763012,0.032675190735835
0.392699081798724,1.767145867744259,2.262508326066394,0.073932179349951,0.032677086089884
0.392699081798724,1.963495408593621,2.272861718598472,0.074340362269595,0.032707824528558
0.392699081798724,2.159844949442983,2.271434492170521,0.074626416593735,0.032854311603952
0.392699081798724,2.356194490292345,2.221077756874585,0.073947475133282,0.033293510280945
0.392699081798724,2.552544031141707,2.052637679216999,0.070381031451242,0.034288092907897
0.392699081798724,2.748893571991069,1.662296092915808,0.059829759535022,0.035992239764021
0.392699081798724,2.945243112840431,0.960185563987562,0.036428201004938,0.037938709319535
0.392699081798724,3.141592653689793,0.000000018074522,0.000000029204856,1.615802388359727
0.392699081798724,3.337942194539155,0.960185564862770,0.036428201036507,0.037938709317832
0.392699081798724,3.534291735388517,1.662296093463770,0.059829759551385,0.035992239762001
0.392699081798724,3.730641276237879,2.052637679482025,0.070381031457498,0.034288092906517
0.392699081798724,3.926990817087241,2.221077756970985,0.073947475134976,0.033293510280262
0.392699081798724,4.123340357936604,2.271434492188297,0.074626416593730,0.032854311603693
0.392699081798724,4.319689898785965,2.272861718589688,0.074340362269151,0.032707824528489
0.392699081798724,4.516039439635327,2.262508326056853,0.073932179349621,0.032677086089876
0.392699081798724,4.712388980484690,2.257439883346028,0.073762278763012,0.032675190735835
0.392699081798724,4.908738521334052,2.262508326066394,0.073932179349951,0.032677086089884
0.392699081798724,5.105088062183414,2.272861718598472,0.074340362269595,0.032707824528558
0.392699081798724,5.301437603032776,2.271434492170521,0.074626416593735,0.032854311603952
0.392699081798724,5.497787143882138,2.221077756874586,0.073947475133283,0.033293510280945
0.392699081798724,5.694136684731500,2.052637679216997,0.070381031451242,0.034288092907897
0.392699081798724,5.890486225580862,1.662296092915804,0.059829759535021,0.035992239764021
0.392699081798724,6.086835766430224,0.960185563987563,0.036428201004939,0.037938709319536
0.589048622648086,0.000000000100000,0.000000083524897,0.000000113195923,1.355235712577434
0.589048622648086,0.196349540949362,0.960185564862768,0.036428201036507,0.037938709317832
0.589048622648086,0.392699081798724,1.662296093463768,0.059829759551385,0.035992239762000
0.589048622648086,0.589048622648086,2.052637679482023,0.070381031457498,0.034288092906517
0.589048622648086,0.785398163497448,2.221077756970986,0.073947475134976,0.033293510280262
0.589048622648086,0.981747704346810,2.271434492188296,0.074626416593730,0.032854311603693
0.589048622648086,1.178097245196172,2.272861718589688,0.074340362269151,0.032707824528489
0.589048622648086,1.374446786045534,2.262508326056852,0.073932179349621,0.032677086089876
0.589048622648086,1.570796326894897,2.257439883346027,0.073762278763012,0.032675190735835
0.589048622648086,1.767145867744259,2.262508326066394,0.073932179349951,0.032677086089884
0.589048622648086,1.963495408593621,2.272861718598471,0.074340362269595,0.032707824528558
0.589048622648086,2.159844949442983,2.271434492170522,0.074626416593735,0.032854311603952
0.589048622648086,2.356194490292345,2.221077756874585,0.073947475133282,0.033293510280945
0.589048622648086,2.552544031141707,2.052637679217000,0.070381031451242,0.034288092907897
0.589048622648086,2.748893571991069,1.662296092915807,0.059829759535022,0.035992239764021
0.589048622648086,2.945243112840431,0.960185563987563,0.036428201004938,0.037938709319535
0.589048622648086,3.141592653689793,0.000000022382251,0.000000036812891,1.644735864348357
0.589048622648086,3.337942194539155,0.960185564862769,0.036428201036507,0.037938709317832
0.589048622648086,3.534291735388517,1.662296093463771,0.059829759551385,0.035992239762001
0.589048622648086,3.730641276237879,2.052637679482023,0.070381031457498,0.034288092906517
0.589048622648086,3.926990817087241,2.221077756970986,0.073947475134976,0.033293510280262
0.589048622648086,4.123340357936604,2.271434492188296,0.074626416593730,0.032854311603693
0.589048622648086,4.319689898785965,2.272861718589688,0.074340362269151,0.032707824528489
0.589048622648086,4.516039439635327,2.262508326056853,0.073932179349621,0.032677086089876
0.589048622648086,4.712388980484690,2.257439883346027,0.073762278763012,0.032675190735835
0.589048622648086,4.908738521334052,2.262508326066394,0.073932179349951,0.032677086089884
0.589048622648086,5.105088062183414,2.272861718598473,0.074340362269595,0.032707824528558
0.589048622648086,5.301437603032776,2.271434492170521,0.074626416593735,0.032854311603952
0.589048622648086,5.497787143882138,2.221077756874584,0.073947475133282,0.033293510280945
0.589048622648086,5.694136684731500,2.052637679216999,0.070381031451243,0.034288092907897
0.589048622648086,5.890486225580862,1.662296092915809,0.059829759535022,0.035992239764021
0.589048622648086,6.086835766430224,0.960185563987562,0.036428201004938,0.037938709319536
0.785398163497448,0.000000000100000,0.000000085359086,0.000000133538842,1.564436187236922
0.785398163497448,0.196349540949362,0.960185564862766,0.036428201036508,0.037938709317833
0.785398163497448,0.392699081798724,1.662296093463768,0.059829759551384,0.035992239762000
0.785398163497448,0.589048622648086,2.052637679482023,0.070381031457498,0.034288092906517
0.785398163497448,0.785398163497448,2.221077756970986,0.073947475134976,0.033293510280263
0.785398163497448,0.981747704346810,2.271434492188296,0.074626416593731,0.032854311603693
0.785398163497448,1.178097245196172,2.272861718589688,0.074340362269151,0.032707824528489
0.785398163497448,1.374446786045534,2.262508326056852,0.073932179349621,0.032677086089876
0.785398163497448,1.570796326894897,2.257439883346027,0.073762278763012,0.032675190735835
0.785398163497448,1.767145867744259,2.262508326066394,0.073932179349951,0.032677086089884
0.785398163497448,1.963495408593621,2.272861718598472,0.074340362269595,0.032707824528558
0.785398163497448,2.159844949442983,2.271434492170521,0.074626416593735,0.032854311603952
0.785398163497448,2.356194490292345,2.221077756874585,0.073947475133282,0.033293510280945
0.785398163497448,2.552544031141707,2.052637679216999,0.070381031451242,0.034288092907897
0.785398163497448,2.748893571991069,1.662296092915808,0.059829759535022,0.035992239764021
0.785398163497448,2.945243112840431,0.960185563987562,0.036428201004938,0.037938709319535
0.785398163497448,3.141592653689793,0.000000018278037,0.000000035717457,1.954118874833389
0.785398163497448,3.337942194539155,0.960185564862771,0.036428201036507,0.037938709317832
0.785398163497448,3.534291735388517,1.662296093463769,0.059829759551385,0.035992239762001
0.785398163497448,3.730641276237879,2.052637679482024,0.070381031457498,0.034288092906517
0.785398163497448,3.926990817087241,2.221077756970987,0.073947475134976,0.033293510280262
0.785398163497448,4.123340357936604,2.271434492188297,0.074626416593730,0.032854311603693
0.785398163497448,4.319689898785965,2.272861718589688,0.074340362269151,0.032707824528489
0.785398163497448,4.516039439635327,2.262508326056853,0.073932179349621,0.032677086089876
0.785398163497448,4.712388980484690,2.257439883346027,0.073762278763012,0.032675190735835
0.785398163497448,4.908738521334052,2.262508326066394,0.073932179349951,0.032677086089884
0.785398163497448,5.105088062183414,2.272861718598473,0.074340362269595,0.032707824528558
0.785398163497448,5.301437603032776,2.271434492170521,0.074626416593735,0.032854311603952
0.785398163497448,5.497787143882138,2.221077756874584,0.073947475133282,0.033293510280945
0.785398163497448,5.694136684731500,2.052637679216997,0.070381031451243,0.034288092907897
0.785398163497448,5.890486225580862,1.662296092915807,0.059829759535022,0.035992239764022
0.785398163497448,6.086835766430224,0.960185563987562,0.036428201004938,0.037938709319535
0.981747704346810,0.000000000100000,0.000000089036853,0.000000116902852,1.312971519292700
0.981747704346810,0.196349540949362,0.960185564862768,0.036428201036507,0.037938709317832
0.981747704346810,0.392699081798724,1.662296093463768,0.059829759551385,0.035992239762001
0.981747704346810,0.589048622648086,2.052637679482022,0.070381031457498,0.034288092906517
0.981747704346810,0.785398163497448,2.221077756970985,0.073947475134976,0.033293510280262
0.981747704346810,0.981747704346810,2.271434492188296,0.074626416593730,0.032854311603693
0.981747704346810,1.178097245196172,2.272861718589688,0.074340362269151,0.032707824528489
0.981747704346810,1.374446786045534,2.262508326056853,0.073932179349621,0.032677086089876
0.981747704346810,1.570796326894897,2.257439883346027,0.073762278763012,0.032675190735835
0.981747704346810,1.767145867744259,2.262508326066394,0.073932179349951,0.032677086089884
0.981747704346810,1.963495408593621,2.272861718598472,0.074340362269595,0.032707824528558
0.981747704346810,2.159844949442983,2.271434492170521,0.074626416593735,0.032854311603952
0.981747704346810,2.356194490292345,2.221077756874585,0.073947475133282,0.033293510280945
0.981747704346810,2.552544031141707,2.052637679216998,0.070381031451242,0.034288092907897
0.981747704346810,2.748893571991069,1.662296092915808,0.059829759535022,0.035992239764021
0.981747704346810,2.945243112840431,0.960185563987560,0.036428201004938,0.037938709319535
0.981747704346810,3.141592653689793,0.000000021691323,0.000000035750354,1.648140771323990
0.981747704346810,3.337942194539155,0.960185564862770,0.036428201036507,0.037938709317832
0.981747704346810,3.534291735388517,1.662296093463769,0.059829759551385,0.035992239762001
0.981747704346810,3.730641276237879,2.052637679482024,0.070381031457498,0.034288092906517
0.981747704346810,3.926990817087241,2.221077756970987,0.073947475134976,0.033293510280262
0.981747704346810,4.123340357936604,2.271434492188297,0.074626416593730,0.032854311603693
0.981747704346810,4.319689898785965,2.272861718589688,0.074340362269151,0.032707824528489
0.981747704346810,4.516039439635327,2.262508326056852,0.073932179349621,0.032677086089876
0.981747704346810,4.712388980484690,2.257439883346027,0.073762278763012,0.032675190735835
0.981747704346810,4.908738521334052,2.262508326066393,0.073932179349951,0.032677086089884
0.981747704346810,5.105088062183414,2.272861718598471,0.074340362269595,0.032707824528558
0.981747704346810,5.301437603032776,2.271434492170521,0.074626416593735,0.032854311603952
0.981747704346810,5.497787143882138,2.221077756874582,0.073947475133282,0.033293510280945
0.981747704346810,5.694136684731500,2.052637679216998,0.070381031451243,0.034288092907897
0.981747704346810,5.890486225580862,1.662296092915807,0.059829759535022,0.035992239764021
0.981747704346810,6.086835766430224,0.960185563987559,0.036428201004939,0.037938709319537
1.178097245196172,0.000000000100000,0.000000062863820,0.000000083069671,1.321422573247096
1.178097245196172,0.196349540949362,0.960185564862767,0.036428201036506,0.037938709317832
1.178097245196172,0.392699081798724,1.662296093463767,0.059829759551385,0.035992239762000
1.178097245196172,0.589048622648086,2.052637679482024,0.070381031457498,0.034288092906518
1.178097245196172,0.785398163497448,2.221077756970985,0.073947475134976,0.033293510280263
1.178097245196172,0.981747704346810,2.271434492188295,0.074626416593730,0.032854311603693
1.178097245196172,1.178097245196172,2.272861718589688,0.074340362269151,0.032707824528489
1.178097245196172,1.374446786045534,2.262508326056853,0.073932179349621,0.032677086089876
1.178097245196172,1.570796326894897,2.257439883346027,0.073762278763012,0.032675190735835
1.178097245196172,1.767145867744259,2.262508326066394,0.073932179349951,0.032677086089884
1.178097245196172,1.963495408593621,2.272861718598472,0.074340362269595,0.032707824528558
1.178097245196172,2.159844949442983,2.271434492170521,0.074626416593735,0.032854311603952
1.178097245196172,2.356194490292345,2.221077756874585,0.073947475133282,0.033293510280945
1.178097245196172,2.552544031141707,2.052637679216998,0.070381031451242,0.034288092907897
1.178097245196172,2.748893571991069,1.662296092915808,0.059829759535022,0.035992239764021
1.178097245196172,2.945243112840431,0.960185563987559,0.036428201004938,0.037938709319535
1.178097245196172,3.141592653689793,0.000000016771316,0.000000028427615,1.695013939745449
1.178097245196172,3.337942194539155,0.960185564862772,0.036428201036507,0.037938709317832
1.178097245196172,3.534291735388517,1.662296093463770,0.059829759551385,0.035992239762001
1.178097245196172,3.730641276237879,2.052637679482022,0.070381031457498,0.034288092906517
1.178097245196172,3.926990817087241,2.221077756970987,0.073947475134976,0.033293510280262
1.178097245196172,4.123340357936604,2.271434492188296,0.074626416593730,0.032854311603693
1.178097245196172,4.319689898785965,2.272861718589687,0.074340362269151,0.032707824528489
1.178097245196172,4.516039439635327,2.262508326056853,0.073932179349621,0.032677086089876
1.178097245196172,4.712388980484690,2.257439883346027,0.073762278763012,0.032675190735835
1.178097245196172,4.908738521334052,2.262508326066394,0.073932179349951,0.032677086089884
1.178097245196172,5.105088062183414,2.272861718598473,0.074340362269595,0.032707824528558
1.178097245196172,5.301437603032776,2.271434492170522,0.074626416593735,0.032854311603952
1.178097245196172,5.497787143882138,2.221077756874582,0.073947475133282,0.033293510280945
1.178097245196172,5.694136684731500,2.052637679216999,0.070381031451243,0.034288092907897
1.178097245196172,5.890486225580862,1.662296092915809,0.059829759535023,0.035992239764022
1.178097245196172,6.086835766430224,0.960185563987559,0.036428201004937,0.037938709319534
1.374446786045534,0.000000000100000,0.000000036118570,0.000000044586479,1.234447515363144
1.374446786045534,0.196349540949362,0.960185564862767,0.036428201036507,0.037938709317832
1.374446786045534,0.392699081798724,1.662296093463768,0.059829759551384,0.035992239762000
1.374446786045534,0.589048622648086,2.052637679482024,0.070381031457498,0.034288092906517
1.374446786045534,0.785398163497448,2.221077756970985,0.073947475134976,0.033293510280263
1.374446786045534,0.981747704346810,2.271434492188294,0.074626416593730,0.032854311603693
1.374446786045534,1.178097245196172,2.272861718589688,0.074340362269151,0.032707824528489
1.374446786045534,1.374446786045534,2.262508326056852,0.073932179349621,0.032677086089876
1.374446786045534,1.570796326894897,2.257439883346027,0.073762278763012,0.032675190735835
1.374446786045534,1.767145867744259,2.262508326066394,0.073932179349951,0.032677086089884
1.374446786045534,1.963495408593621,2.272861718598471,0.074340362269595,0.032707824528558
1.374446786045534,2.159844949442983,2.271434492170521,0.074626416593735,0.032854311603952
1.374446786045534,2.356194490292345,2.221077756874585,0.073947475133283,0.033293510280945
1.374446786045534,2.552544031141707,2.052637679217000,0.070381031451242,0.034288092907897
1.374446786045534,2.748893571991069,1.662296092915807,0.059829759535022,0.035992239764021
1.374446786045534,2.945243112840431,0.960185563987563,0.036428201004938,0.037938709319535
1.374446786045534,3.141592653689793,0.000000010571824,0.000000015504367,1.466574403705264
1.374446786045534,3.337942194539155,0.960185564862768,0.036428201036507,0.037938709317832
1.374446786045534,3.534291735388517,1.662296093463770,0.059829759551385,0.035992239762001
1.374446786045534,3.730641276237879,2.052637679482023,0.070381031457498,0.034288092906517
1.374446786045534,3.926990817087241,2.221077756970986,0.073947475134976,0.033293510280262
1.374446786045534,4.123340357936604,2.271434492188296,0.074626416593730,0.032854311603693
1.374446786045534,4.319689898785965,2.272861718589688,0.074340362269151,0.032707824528489
1.374446786045534,4.516039439635327,2.262508326056853,0.073932179349621,0.032677086089876
1.374446786045534,4.712388980484690,2.257439883346028,0.073762278763012,0.032675190735835
1.374446786045534,4.908738521334052,2.262508326066394,0.073932179349951,0.032677086089884
1.374446786045534,5.105088062183414,2.272861718598473,0.074340362269595,0.032707824528558
1.374446786045534,5.301437603032776,2.271434492170521,0.074626416593735,0.032854311603952
1.374446786045534,5.497787143882138,2.221077756874585,0.073947475133282,0.033293510280945
1.374446786045534,5.694136684731500,2.052637679216999,0.070381031451243,0.034288092907897
1.374446786045534,5.890486225580862,1.662296092915810,0.059829759535024,0.035992239764023
1.374446786045534,6.086835766430224,0.960185563987563,0.036428201004939,0.037938709319536
1.570796326894897,0.000000000100000,0.000000000516303,0.000000000020062,0.038856512923449
1.570796326894897,0.196349540949362,0.960185564862767,0.036428201036506,0.037938709317832
1.570796326894897,0.392699081798724,1.662296093463767,0.059829759551385,0.035992239762001
1.570796326894897,0.589048622648086,2.052637679482021,0.070381031457498,0.034288092906517
1.570796326894897,0.785398163497448,2.221077756970986,0.073947475134976,0.033293510280263
1.570796326894897,0.981747704346810,2.271434492188296,0.074626416593730,0.032854311603693
1.570796326894897,1.178097245196172,2.272861718589688,0.074340362269151,0.032707824528489
1.570796326894897,1.374446786045534,2.262508326056852,0.073932179349621,0.032677086089876
1.570796326894897,1.570796326894897,2.257439883346027,0.073762278763012,0.032675190735835
1.570796326894897,1.767145867744259,2.262508326066394,0.073932179349951,0.032677086089884
1.570796326894897,1.963495408593621,2.272861718598472,0.074340362269595,0.032707824528558
1.570796326894897,2.159844949442983,2.271434492170521,0.074626416593735,0.032854311603952
1.570796326894897,2.356194490292345,2.221077756874585,0.073947475133283,0.033293510280945
1.570796326894897,2.552544031141707,2.052637679216999,0.070381031451242,0.034288092907897
1.570796326894897,2.748893571991069,1.662296092915809,0.059829759535022,0.035992239764021
1.570796326894897,2.945243112840431,0.960185563987562,0.036428201004938,0.037938709319535
1.570796326894897,3.141592653689793,0.000000000516302,0.000000000020062,0.038856512923448
1.570796326894897,3.337942194539155,0.960185564862769,0.036428201036507,0.037938709317832
1.570796326894897,3.534291735388517,1.662296093463771,0.059829759551385,0.035992239762001
1.570796326894897,3.730641276237879,2.052637679482024,0.070381031457498,0.034288092906517
1.570796326894897,3.926990817087241,2.221077756970987,0.073947475134976,0.033293510280262
1.570796326894897,4.123340357936604,2.271434492188296,0.074626416593730,0.032854311603693
1.570796326894897,4.319689898785965,2.272861718589688,0.074340362269151,0.032707824528489
1.570796326894897,4.516039439635327,2.262508326056853,0.073932179349621,0.032677086089876
1.570796326894897,4.712388980484690,2.257439883346027,0.073762278763012,0.032675190735835
1.570796326894897,4.908738521334052,2.262508326066394,0.073932179349951,0.032677086089884
1.570796326894897,5.105088062183414,2.272861718598472,0.074340362269595,0.032707824528558
1.570796326894897,5.301437603032776,2.271434492170522,0.074626416593735,0.032854311603952
1.570796326894897,5.497787143882138,2.221077756874583,0.073947475133282,0.033293510280945
1.570796326894897,5.694136684731500,2.052637679217000,0.070381031451243,0.034288092907897
1.570796326894897,5.890486225580862,1.662296092915808,0.059829759535022,0.035992239764021
1.570796326894897,6.086835766430224,0.960185563987561,0.036428201004939,0.037938709319536
1.767145867744259,0.000000000100000,0.000000035814620,0.000000045139492,1.260364953224541
1.767145867744259,0.196349540949362,0.960185564862768,0.036428201036505,0.037938709317830
1.767145867744259,0.392699081798724,1.662296093463770,0.059829759551386,0.035992239762001
1.767145867744259,0.589048622648086,2.052637679482022,0.070381031457498,0.034288092906517
1.767145867744259,0.785398163497448,2.221077756970985,0.073947475134976,0.033293510280263
1.767145867744259,0.981747704346810,2.271434492188296,0.074626416593730,0.032854311603693
1.767145867744259,1.178097245196172,2.272861718589688,0.074340362269151,0.032707824528489
1.767145867744259,1.374446786045534,2.262508326056853,0.073932179349621,0.032677086089876
1.767145867744259,1.570796326894897,2.257439883346028,0.073762278763012,0.032675190735835
1.767145867744259,1.767145867744259,2.262508326066394,0.073932179349951,0.032677086089884
1.767145867744259,1.963495408593621,2.272861718598472,0.074340362269595,0.032707824528558
1.767145867744259,2.159844949442983,2.271434492170521,0.074626416593735,0.032854311603952
1.767145867744259,2.356194490292345,2.221077756874585,0.073947475133282,0.033293510280945
1.767145867744259,2.552544031141707,2.052637679216999,0.070381031451242,0.034288092907897
1.767145867744259,2.748893571991069,1.662296092915809,0.059829759535022,0.035992239764021
1.767145867744259,2.945243112840431,0.960185563987561,0.036428201004938,0.037938709319535
1.767145867744259,3.141592653689793,0.000000009330248,0.000000014919605,1.599057816161931
1.767145867744259,3.337942194539155,0.960185564862771,0.036428201036507,0.037938709317832
1.767145867744259,3.534291735388517,1.662296093463769,0.059829759551385,0.035992239762001
1.767145867744259,3.730641276237879,2.052637679482025,0.070381031457498,0.034288092906517
1.767145867744259,3.926990817087241,2.221077756970987,0.073947475134976,0.033293510280262
1.767145867744259,4.123340357936604,2.271434492188297,0.074626416593730,0.032854311603693
1.767145867744259,4.319689898785965,2.272861718589688,0.074340362269151,0.032707824528489
1.767145867744259,4.516039439635327,2.262508326056853,0.073932179349621,0.032677086089876
1.767145867744259,4.712388980484690,2.257439883346027,0.073762278763012,0.032675190735835
1.767145867744259,4.908738521334052,2.262508326066394,0.073932179349951,0.032677086089884
1.767145867744259,5.105088062183414,2.272861718598472,0.074340362269595,0.032707824528558
1.767145867744259,5.301437603032776,2.271434492170521,0.074626416593735,0.032854311603952
1.767145867744259,5.497787143882138,2.221077756874583,0.073947475133282,0.033293510280945
1.767145867744259,5.694136684731500,2.052637679216997,0.070381031451243,0.034288092907897
1.767145867744259,5.890486225580862,1.662296092915806,0.059829759535022,0.035992239764022
1.767145867744259,6.086835766430224,0.960185563987561,0.036428201004939,0.037938709319536
1.963495408593621,0.000000000100000,0.000000060880942,0.000000081695142,1.341883671672742
1.963495408593621,0.196349540949362,0.960185564862767,0.036428201036507,0.037938709317832
1.963495408593621,0.392699081798724,1.662296093463768,0.059829759551383,0.035992239762000
1.963495408593621,0.589048622648086,2.052637679482024,0.070381031457497,0.034288092906517
1.963495408593621,0.785398163497448,2.221077756970986,0.073947475134976,0.033293510280263
1.963495408593621,0.981747704346810,2.271434492188295,0.074626416593730,0.032854311603693
1.963495408593621,1.178097245196172,2.272861718589688,0.074340362269151,0.032707824528489
1.963495408593621,1.374446786045534,2.262508326056853,0.073932179349621,0.032677086089876
1.963495408593621,1.570796326894897,2.257439883346027,0.073762278763012,0.032675190735835
1.963495408593621,1.767145867744259,2.262508326066394,0.073932179349951,0.032677086089884
1.963495408593621,1.963495408593621,2.272861718598472,0.074340362269595,0.032707824528558
1.963495408593621,2.159844949442983,2.271434492170521,0.074626416593735,0.032854311603952
1.963495408593621,2.356194490292345,2.221077756874585,0.073947475133282,0.033293510280945
1.963495408593621,2.552544031141707,2.052637679216998,0.070381031451242,0.034288092907897
1.963495408593621,2.748893571991069,1.662296092915808,0.059829759535022,0.035992239764021
1.963495408593621,2.945243112840431,0.960185563987564,0.036428201004938,0.037938709319535
1.963495408593621,3.141592653689793,0.000000017762560,0.000000028435757,1.600881680815573
1.963495408593621,3.337942194539155,0.960185564862768,0.036428201036507,0.037938709317832
1.963495408593621,3.534291735388517,1.662296093463770,0.059829759551385,0.035992239762001
1.963495408593621,3.730641276237879,2.052637679482025,0.070381031457498,0.034288092906517
1.963495408593621,3.926990817087241,2.221077756970986,0.073947475134976,0.033293510280262
1.963495408593621,4.123340357936604,2.271434492188297,0.074626416593730,0.032854311603693
1.963495408593621,4.319689898785965,2.272861718589689,0.074340362269151,0.032707824528489
1.963495408593621,4.516039439635327,2.262508326056852,0.073932179349621,0.032677086089876
1.963495408593621,4.712388980484690,2.257439883346027,0.073762278763012,0.032675190735835
1.963495408593621,4.908738521334052,2.262508326066394,0.073932179349951,0.032677086089884
1.963495408593621,5.105088062183414,2.272861718598472,0.074340362269595,0.032707824528558
1.963495408593621,5.301437603032776,2.271434492170520,0.074626416593735,0.032854311603952
1.963495408593621,5.497787143882138,2.221077756874585,0.073947475133283,0.033293510280945
1.963495408593621,5.694136684731500,2.052637679216996,0.070381031451242,0.034288092907897
1.963495408593621,5.890486225580862,1.662296092915805,0.059829759535022,0.035992239764021
1.963495408593621,6.086835766430224,0.960185563987565,0.036428201004939,0.037938709319536
2.159844949442983,0.000000000100000,0.000000085465831,0.000000114679776,1.341820172974400
2.159844949442983,0.196349540949362,0.960185564862768,0.036428201036508,0.037938709317833
2.159844949442983,0.392699081798724,1.662296093463770,0.059829759551385,0.035992239762001
2.159844949442983,0.589048622648086,2.052637679482022,0.070381031457498,0.034288092906517
2.159844949442983,0.785398163497448,2.221077756970986,0.073947475134976,0.033293510280263
2.159844949442983,0.981747704346810,2.271434492188296,0.074626416593730,0.032854311603693
2.159844949442983,1.178097245196172,2.272861718589688,0.074340362269151,0.032707824528489
2.159844949442983,1.374446786045534,2.262508326056852,0.073932179349621,0.032677086089876
2.159844949442983,1.570796326894897,2.257439883346027,0.073762278763012,0.032675190735835
2.159844949442983,1.767145867744259,2.262508326066394,0.073932179349951,0.032677086089884
2.159844949442983,1.963495408593621,2.272861718598471,0.074340362269595,0.032707824528558
2.159844949442983,2.159844949442983,2.271434492170521,0.074626416593735,0.032854311603952
2.159844949442983,2.356194490292345,2.221077756874585,0.073947475133282,0.033293510280945
2.159844949442983,2.552544031141707,2.052637679216998,0.070381031451242,0.034288092907897
2.159844949442983,2.748893571991069,1.662296092915809,0.059829759535022,0.035992239764021
2.159844949442983,2.945243112840431,0.960185563987562,0.036428201004938,0.037938709319535
2.159844949442983,3.141592653689793,0.000000023207966,0.000000037288106,1.606694277538633
2.159844949442983,3.337942194539155,0.960185564862770,0.036428201036507,0.037938709317832
2.159844949442983,3.534291735388517,1.662296093463771,0.059829759551385,0.035992239762001
2.159844949442983,3.730641276237879,2.052637679482024,0.070381031457498,0.034288092906517
2.159844949442983,3.926990817087241,2.221077756970987,0.073947475134976,0.033293510280262
2.159844949442983,4.123340357936604,2.271434492188297,0.074626416593730,0.032854311603693
2.159844949442983,4.319689898785965,2.272861718589687,0.074340362269151,0.032707824528489
2.159844949442983,4.516039439635327,2.262508326056852,0.073932179349621,0.032677086089876
2.159844949442983,4.712388980484690,2.257439883346027,0.073762278763012,0.032675190735835
2.159844949442983,4.908738521334052,2.262508326066394,0.073932179349951,0.032677086089884
2.159844949442983,5.105088062183414,2.272861718598472,0.074340362269595,0.032707824528558
2.159844949442983,5.301437603032776,2.271434492170521,0.074626416593735,0.032854311603952
2.159844949442983,5.497787143882138,2.221077756874583,0.073947475133282,0.033293510280945
2.159844949442983,5.694136684731500,2.052637679216997,0.070381031451243,0.034288092907897
2.159844949442983,5.890486225580862,1.662296092915806,0.059829759535022,0.035992239764021
2.159844949442983,6.086835766430224,0.960185563987557,0.036428201004939,0.037938709319537
2.356194490292345,0.000000000100000,0.000000077741387,0.000000128428206,1.651992744402920
2.356194490292345,0.196349540949362,0.960185564862770,0.036428201036506,0.037938709317831
2.356194490292345,0.392699081798724,1.662296093463768,0.059829759551385,0.035992239762000
2.356194490292345,0.589048622648086,2.052637679482022,0.070381031457498,0.034288092906517
2.356194490292345,0.785398163497448,2.221077756970986,0.073947475134976,0.033293510280263
2.356194490292345,0.981747704346810,2.271434492188296,0.074626416593730,0.032854311603693
2.356194490292345,1.178097245196172,2.272861718589688,0.074340362269151,0.032707824528489
2.356194490292345,1.374446786045534,2.262508326056853,0.073932179349621,0.032677086089876
2.356194490292345,1.570796326894897,2.257439883346028,0.073762278763012,0.032675190735835
2.356194490292345,1.767145867744259,2.262508326066394,0.073932179349951,0.032677086089884
2.356194490292345,1.963495408593621,2.272861718598472,0.074340362269595,0.032707824528558
2.356194490292345,2.159844949442983,2.271434492170521,0.074626416593735,0.032854311603952
2.356194490292345,2.356194490292345,2.221077756874585,0.073947475133282,0.033293510280945
2.356194490292345,2.552544031141707,2.052637679216999,0.070381031451242,0.034288092907897
2.356194490292345,2.748893571991069,1.662296092915807,0.059829759535022,0.035992239764021
2.356194490292345,2.945243112840431,0.960185563987562,0.036428201004938,0.037938709319536
2.356194490292345,3.141592653689793,0.000000017844050,0.000000035936239,2.013906002045053
2.356194490292345,3.337942194539155,0.960185564862769,0.036428201036507,0.037938709317832
2.356194490292345,3.534291735388517,1.662296093463769,0.059829759551385,0.035992239762001
2.356194490292345,3.730641276237879,2.052637679482024,0.070381031457498,0.034288092906517
2.356194490292345,3.926990817087241,2.221077756970987,0.073947475134976,0.033293510280262
2.356194490292345,4.123340357936604,2.271434492188297,0.074626416593730,0.032854311603693
2.356194490292345,4.319689898785965,2.272861718589688,0.074340362269151,0.032707824528489
2.356194490292345,4.516039439635327,2.262508326056853,0.073932179349621,0.032677086089876
2.356194490292345,4.712388980484690,2.257439883346027,0.073762278763012,0.032675190735835
2.356194490292345,4.908738521334052,2.262508326066394,0.073932179349951,0.032677086089884
2.356194490292345,5.105088062183414,2.272861718598472,0.074340362269595,0.032707824528558
2.356194490292345,5.301437603032776,2.271434492170520,0.074626416593735,0.032854311603952
2.356194490292345,5.497787143882138,2.221077756874584,0.073947475133282,0.033293510280945
2.356194490292345,5.694136684731500,2.052637679216995,0.070381031451242,0.034288092907897
2.356194490292345,5.890486225580862,1.662296092915803,0.059829759535022,0.035992239764022
2.356194490292345,6.086835766430224,0.960185563987561,0.036428201004938,0.037938709319535
2.552544031141707,0.000000000100000,0.000000085804640,0.000000113940338,1.327904158968968
2.552544031141707,0.196349540949362,0.960185564862770,0.036428201036508,0.037938709317833
2.552544031141707,0.392699081798724,1.662296093463769,0.059829759551385,0.035992239762001
2.552544031141707,0.589048622648086,2.052637679482022,0.070381031457498,0.034288092906517
2.552544031141707,0.785398163497448,2.221077756970984,0.073947475134976,0.033293510280263
2.552544031141707,0.981747704346810,2.271434492188296,0.074626416593730,0.032854311603693
2.552544031141707,1.178097245196172,2.272861718589687,0.074340362269151,0.032707824528489
2.552544031141707,1.374446786045534,2.262508326056853,0.073932179349621,0.032677086089876
2.552544031141707,1.570796326894897,2.257439883346027,0.073762278763012,0.032675190735835
2.552544031141707,1.767145867744259,2.262508326066394,0.073932179349951,0.032677086089884
2.552544031141707,1.963495408593621,2.272861718598472,0.074340362269595,0.032707824528558
2.552544031141707,2.159844949442983,2.271434492170521,0.074626416593735,0.032854311603952
2.552544031141707,2.356194490292345,2.221077756874585,0.073947475133282,0.033293510280945
2.552544031141707,2.552544031141707,2.052637679216999,0.070381031451242,0.034288092907897
2.552544031141707,2.748893571991069,1.662296092915809,0.059829759535022,0.035992239764021
2.552544031141707,2.945243112840431,0.960185563987561,0.036428201004938,0.037938709319535
2.552544031141707,3.141592653689793,0.000000020871046,0.000000035558803,1.703738399514268
2.552544031141707,3.337942194539155,0.960185564862770,0.036428201036507,0.037938709317832
2.552544031141707,3.534291735388517,1.662296093463771,0.059829759551385,0.035992239762001
2.552544031141707,3.730641276237879,2.052637679482024,0.070381031457498,0.034288092906517
2.552544031141707,3.926990817087241,2.221077756970987,0.073947475134976,0.033293510280262
2.552544031141707,4.123340357936604,2.271434492188296,0.074626416593730,0.032854311603693
2.552544031141707,4.319689898785965,2.272861718589688,0.074340362269151,0.032707824528489
2.552544031141707,4.516039439635327,2.262508326056853,0.073932179349621,0.032677086089876
2.552544031141707,4.712388980484690,2.257439883346027,0.073762278763012,0.032675190735835
2.552544031141707,4.908738521334052,2.262508326066393,0.073932179349951,0.032677086089884
2.552544031141707,5.105088062183414,2.272861718598471,0.074340362269595,0.032707824528558
2.552544031141707,5.301437603032776,2.271434492170522,0.074626416593735,0.032854311603952
2.552544031141707,5.497787143882138,2.221077756874581,0.073947475133282,0.033293510280945
2.552544031141707,5.694136684731500,2.052637679216998,0.070381031451243,0.034288092907897
2.552544031141707,5.890486225580862,1.662296092915808,0.059829759535021,0.035992239764021
2.552544031141707,6.086835766430224,0.960185563987567,0.036428201004939,0.037938709319536
2.748893571991069,0.000000000100000,0.000000068454057,0.000000083577878,1.220933886338660
2.748893571991069,0.196349540949362,0.960185564862766,0.036428201036507,0.037938709317832
2.748893571991069,0.392699081798724,1.662296093463768,0.059829759551385,0.035992239762001
2.748893571991069,0.589048622648086,2.052637679482023,0.070381031457497,0.034288092906517
2.748893571991069,0.785398163497448,2.221077756970986,0.073947475134976,0.033293510280263
2.748893571991069,0.981747704346810,2.271434492188295,0.074626416593730,0.032854311603693
2.748893571991069,1.178097245196172,2.272861718589689,0.074340362269151,0.032707824528489
2.748893571991069,1.374446786045534,2.262508326056853,0.073932179349621,0.032677086089876
2.748893571991069,1.570796326894897,2.257439883346027,0.073762278763012,0.032675190735835
2.748893571991069,1.767145867744259,2.262508326066394,0.073932179349951,0.032677086089884
2.748893571991069,1.963495408593621,2.272861718598471,0.074340362269595,0.032707824528558
2.748893571991069,2.159844949442983,2.271434492170521,0.074626416593735,0.032854311603952
2.748893571991069,2.356194490292345,2.221077756874584,0.073947475133282,0.033293510280945
2.748893571991069,2.552544031141707,2.052637679217000,0.070381031451242,0.034288092907897
2.748893571991069,2.748893571991069,1.662296092915807,0.059829759535022,0.035992239764021
2.748893571991069,2.945243112840431,0.960185563987560,0.036428201004938,0.037938709319535
2.748893571991069,3.141592653689793,0.000000015667084,0.000000027454384,1.752360774702858
2.748893571991069,3.337942194539155,0.960185564862772,0.036428201036507,0.037938709317832
2.748893571991069,3.534291735388517,1.662296093463770,0.059829759551385,0.035992239762001
2.748893571991069,3.730641276237879,2.052637679482022,0.070381031457498,0.034288092906517
2.748893571991069,3.926990817087241,2.221077756970987,0.073947475134976,0.033293510280262
2.748893571991069,4.123340357936604,2.271434492188295,0.074626416593730,0.032854311603693
2.748893571991069,4.319689898785965,2.272861718589688,0.074340362269151,0.032707824528489
2.748893571991069,4.516039439635327,2.262508326056853,0.073932179349621,0.032677086089876
2.748893571991069,4.712388980484690,2.257439883346028,0.073762278763012,0.032675190735835
2.748893571991069,4.908738521334052,2.262508326066394,0.073932179349951,0.032677086089884
2.748893571991069,5.105088062183414,2.272861718598473,0.074340362269595,0.032707824528558
2.748893571991069,5.301437603032776,2.271434492170521,0.074626416593735,0.032854311603952
2.748893571991069,5.497787143882138,2.221077756874582,0.073947475133282,0.033293510280945
2.748893571991069,5.694136684731500,2.052637679216999,0.070381031451243,0.034288092907897
2.748893571991069,5.890486225580862,1.662296092915809,0.059829759535022,0.035992239764022
2.748893571991069,6.086835766430224,0.960185563987560,0.036428201004938,0.037938709319535
2.945243112840431,0.000000000100000,0.000000035047128,0.000000044194815,1.261011013540460
2.945243112840431,0.196349540949362,0.960185564862768,0.036428201036507,0.037938709317832
2.945243112840431,0.392699081798724,1.662296093463769,0.059829759551385,0.035992239762000
2.945243112840431,0.589048622648086,2.052637679482022,0.070381031457497,0.034288092906517
2.945243112840431,0.785398163497448,2.221077756970986,0.073947475134976,0.033293510280263
2.945243112840431,0.981747704346810,2.271434492188297,0.074626416593730,0.032854311603693
2.945243112840431,1.178097245196172,2.272861718589688,0.074340362269151,0.032707824528489
2.945243112840431,1.374446786045534,2.262508326056852,0.073932179349621,0.032677086089876
2.945243112840431,1.570796326894897,2.257439883346027,0.073762278763012,0.032675190735835
2.945243112840431,1.767145867744259,2.262508326066394,0.073932179349951,0.032677086089884
2.945243112840431,1.963495408593621,2.272861718598472,0.074340362269595,0.032707824528558
2.945243112840431,2.159844949442983,2.271434492170521,0.074626416593735,0.032854311603952
2.945243112840431,2.356194490292345,2.221077756874585,0.073947475133282,0.033293510280945
2.945243112840431,2.552544031141707,2.052637679216999,0.070381031451242,0.034288092907897
2.945243112840431,2.748893571991069,1.662296092915806,0.059829759535022,0.035992239764021
2.945243112840431,2.945243112840431,0.960185563987562,0.036428201004938,0.037938709319535
2.945243112840431,3.141592653689793,0.000000008568675,0.000000014528333,1.695516947655803
2.945243112840431,3.337942194539155,0.960185564862770,0.036428201036507,0.037938709317832
2.945243112840431,3.534291735388517,1.662296093463769,0.059829759551385,0.035992239762001
2.945243112840431,3.730641276237879,2.052637679482024,0.070381031457498,0.034288092906517
2.945243112840431,3.926990817087241,2.221077756970986,0.073947475134976,0.033293510280262
2.945243112840431,4.123340357936604,2.271434492188296,0.074626416593730,0.032854311603693
2.945243112840431,4.319689898785965,2.272861718589688,0.074340362269151,0.032707824528489
2.945243112840431,4.516039439635327,2.262508326056853,0.073932179349621,0.032677086089876
2.945243112840431,4.712388980484690,2.257439883346027,0.073762278763012,0.032675190735835
2.945243112840431,4.908738521334052,2.262508326066394,0.073932179349951,0.032677086089884
2.945243112840431,5.105088062183414,2.272861718598471,0.074340362269595,0.032707824528558
2.945243112840431,5.301437603032776,2.271434492170520,0.074626416593735,0.032854311603952
2.945243112840431,5.497787143882138,2.221077756874585,0.073947475133282,0.033293510280945
2.945243112840431,5.694136684731500,2.052637679216999,0.070381031451244,0.034288092907897
2.945243112840431,5.890486225580862,1.662296092915810,0.059829759535023,0.035992239764022
2.945243112840431,6.086835766430224,0.960185563987562,0.036428201004938,0.037938709319535
3.141592653689793,0.000000000100000,0.000000000516303,0.000000000020062,0.038856512923448
3.141592653689793,0.196349540949362,0.960185564862767,0.036428201036507,0.037938709317832
3.141592653689793,0.392699081798724,1.662296093463768,0.059829759551384,0.035992239762000
3.141592653689793,0.589048622648086,2.052637679482022,0.070381031457498,0.034288092906517
3.141592653689793,0.785398163497448,2.221077756970986,0.073947475134976,0.033293510280263
3.141592653689793,0.981747704346810,2.271434492188296,0.074626416593730,0.032854311603693
3.141592653689793,1.178097245196172,2.272861718589687,0.074340362269151,0.032707824528489
3.141592653689793,1.374446786045534,2.262508326056852,0.073932179349621,0.032677086089876
3.141592653689793,1.570796326894897,2.257439883346027,0.073762278763012,0.032675190735835
3.141592653689793,1.767145867744259,2.262508326066394,0.073932179349951,0.032677086089884
3.141592653689793,1.963495408593621,2.272861718598471,0.074340362269595,0.032707824528558
3.141592653689793,2.159844949442983,2.271434492170521,0.074626416593735,0.032854311603952
3.141592653689793,2.356194490292345,2.221077756874585,0.073947475133282,0.033293510280945
3.141592653689793,2.552544031141707,2.052637679216999,0.070381031451242,0.034288092907897
3.141592653689793,2.748893571991069,1.662296092915809,0.059829759535022,0.035992239764021
3.141592653689793,2.945243112840431,0.960185563987562,0.036428201004938,0.037938709319535
3.141592653689793,3.141592653689793,0.000000000516302,0.000000000020062,0.038856512923448
3.141592653689793,3.337942194539155,0.960185564862770,0.036428201036507,0.037938709317832
3.141592653689793,3.534291735388517,1.662296093463771,0.059829759551385,0.035992239762001
3.141592653689793,3.730641276237879,2.052637679482023,0.070381031457498,0.034288092906517
3.141592653689793,3.926990817087241,2.221077756970987,0.073947475134976,0.033293510280262
3.141592653689793,4.123340357936604,2.271434492188297,0.074626416593730,0.032854311603693
3.141592653689793,4.319689898785965,2.272861718589688,0.074340362269151,0.032707824528489
3.141592653689793,4.516039439635327,2.262508326056853,0.073932179349621,0.032677086089876
3.141592653689793,4.712388980484690,2.257439883346027,0.073762278763012,0.032675190735835
3.141592653689793,4.908738521334052,2.262508326066394,0.073932179349951,0.032677086089884
3.141592653689793,5.105088062183414,2.272861718598472,0.074340362269595,0.032707824528558
3.141592653689793,5.301437603032776,2.271434492170522,0.074626416593735,0.032854311603952
3.141592653689793,5.497787143882138,2.221077756874585,0.073947475133282,0.033293510280945
3.141592653689793,5.694136684731500,2.052637679216999,0.070381031451243,0.034288092907897
3.141592653689793,5.890486225580862,1.662296092915810,0.059829759535022,0.035992239764021
3.141592653689793,6.086835766430224,0.960185563987556,0.036428201004938,0.037938709319535
3.337942194539155,0.000000000100000,0.000000036804506,0.000000045341975,1.231968042594884
3.337942194539155,0.196349540949362,0.960185564862767,0.036428201036507,0.037938709317833
3.337942194539155,0.392699081798724,1.662296093463767,0.059829759551384,0.035992239762000
3.337942194539155,0.589048622648086,2.052637679482022,0.070381031457498,0.034288092906517
3.337942194539155,0.785398163497448,2.221077756970984,0.073947475134976,0.033293510280263
3.337942194539155,0.981747704346810,2.271434492188297,0.074626416593730,0.032854311603693
3.337942194539155,1.178097245196172,2.272861718589689,0.074340362269151,0.032707824528489
3.337942194539155,1.374446786045534,2.262508326056852,0.073932179349621,0.032677086089876
3.337942194539155,1.570796326894897,2.257439883346027,0.073762278763012,0.032675190735835
3.337942194539155,1.767145867744259,2.262508326066394,0.073932179349951,0.032677086089884
3.337942194539155,1.963495408593621,2.272861718598472,0.074340362269595,0.032707824528558
3.337942194539155,2.159844949442983,2.271434492170521,0.074626416593735,0.032854311603952
3.337942194539155,2.356194490292345,2.221077756874585,0.073947475133282,0.033293510280945
3.337942194539155,2.552544031141707,2.052637679216999,0.070381031451242,0.034288092907897
3.337942194539155,2.748893571991069,1.662296092915806,0.059829759535022,0.035992239764021
3.337942194539155,2.945243112840431,0.960185563987562,0.036428201004938,0.037938709319535
3.337942194539155,3.141592653689793,0.000000009433991,0.000000014912501,1.580720202116179
3.337942194539155,3.337942194539155,0.960185564862770,0.036428201036507,0.037938709317832
3.337942194539155,3.534291735388517,1.662296093463768,0.059829759551385,0.035992239762001
3.337942194539155,3.730641276237879,2.052637679482024,0.070381031457498,0.034288092906517
3.337942194539155,3.926990817087241,2.221077756970986,0.073947475134976,0.033293510280262
3.337942194539155,4.123340357936604,2.271434492188296,0.074626416593730,0.032854311603693
3.337942194539155,4.319689898785965,2.272861718589688,0.074340362269151,0.032707824528489
3.337942194539155,4.516039439635327,2.262508326056853,0.073932179349621,0.032677086089876
3.337942194539155,4.712388980484690,2.257439883346027,0.073762278763012,0.032675190735835
3.337942194539155,4.908738521334052,2.262508326066394,0.073932179349951,0.032677086089884
3.337942194539155,5.105088062183414,2.272861718598473,0.074340362269595,0.032707824528558
3.337942194539155,5.301437603032776,2.271434492170522,0.074626416593735,0.032854311603952
3.337942194539155,5.497787143882138,2.221077756874582,0.073947475133282,0.033293510280945
3.337942194539155,5.694136684731500,2.052637679216995,0.070381031451242,0.034288092907897
3.337942194539155,5.890486225580862,1.662296092915805,0.059829759535022,0.035992239764021
3.337942194539155,6.086835766430224,0.960185563987562,0.036428201004939,0.037938709319536
3.534291735388517,0.000000000100000,0.000000059603188,0.000000081872738,1.373630190568074
3.534291735388517,0.196349540949362,0.960185564862766,0.036428201036507,0.037938709317832
3.534291735388517,0.392699081798724,1.662296093463768,0.059829759551383,0.035992239761999
3.534291735388517,0.589048622648086,2.052637679482024,0.070381031457497,0.034288092906517
3.534291735388517,0.785398163497448,2.221077756970984,0.073947475134976,0.033293510280263
3.534291735388517,0.981747704346810,2.271434492188296,0.074626416593730,0.032854311603693
3.534291735388517,1.178097245196172,2.272861718589688,0.074340362269151,0.032707824528489
3.534291735388517,1.374446786045534,2.262508326056853,0.073932179349621,0.032677086089876
3.534291735388517,1.570796326894897,2.257439883346028,0.073762278763012,0.032675190735835
3.534291735388517,1.767145867744259,2.262508326066394,0.073932179349951,0.032677086089884
3.534291735388517,1.963495408593621,2.272861718598472,0.074340362269595,0.032707824528558
3.534291735388517,2.159844949442983,2.271434492170521,0.074626416593735,0.032854311603952
3.534291735388517,2.356194490292345,2.221077756874585,0.073947475133283,0.033293510280945
3.534291735388517,2.552544031141707,2.052637679216998,0.070381031451242,0.034288092907897
3.534291735388517,2.748893571991069,1.662296092915808,0.059829759535022,0.035992239764021
3.534291735388517,2.945243112840431,0.960185563987564,0.036428201004938,0.037938709319535
3.534291735388517,3.141592653689793,0.000000018209721,0.000000028579591,1.569468922716386
3.534291735388517,3.337942194539155,0.960185564862767,0.036428201036507,0.037938709317832
3.534291735388517,3.534291735388517,1.662296093463770,0.059829759551385,0.035992239762001
3.534291735388517,3.730641276237879,2.052637679482025,0.070381031457498,0.034288092906517
3.534291735388517,3.926990817087241,2.221077756970985,0.073947475134976,0.033293510280262
3.534291735388517,4.123340357936604,2.271434492188297,0.074626416593730,0.032854311603693
3.534291735388517,4.319689898785965,2.272861718589688,0.074340362269151,0.032707824528489
3.534291735388517,4.516039439635327,2.262508326056852,0.073932179349621,0.032677086089876
3.534291735388517,4.712388980484690,2.257439883346027,0.073762278763012,0.032675190735835
3.534291735388517,4.908738521334052,2.262508326066394,0.073932179349951,0.032677086089884
3.534291735388517,5.105088062183414,2.272861718598473,0.074340362269595,0.032707824528558
3.534291735388517,5.301437603032776,2.271434492170520,0.074626416593735,0.032854311603952
3.534291735388517,5.497787143882138,2.221077756874585,0.073947475133283,0.033293510280945
3.534291735388517,5.694136684731500,2.052637679216997,0.070381031451243,0.034288092907897
3.534291735388517,5.890486225580862,1.662296092915805,0.059829759535022,0.035992239764021
3.534291735388517,6.086835766430224,0.960185563987563,0.036428201004939,0.037938709319536
3.730641276237879,0.000000000100000,0.000000081833271,0.000000114182004,1.395300502213894
3.730641276237879,0.196349540949362,0.960185564862769,0.036428201036508,0.037938709317833
3.730641276237879,0.392699081798724,1.662296093463768,0.059829759551384,0.035992239762000
3.730641276237879,0.589048622648086,2.052637679482023,0.070381031457498,0.034288092906517
3.730641276237879,0.785398163497448,2.221077756970986,0.073947475134976,0.033293510280263
3.730641276237879,0.981747704346810,2.271434492188297,0.074626416593730,0.032854311603693
3.730641276237879,1.178097245196172,2.272861718589688,0.074340362269151,0.032707824528489
3.730641276237879,1.374446786045534,2.262508326056853,0.073932179349621,0.032677086089876
3.730641276237879,1.570796326894897,2.257439883346027,0.073762278763012,0.032675190735835
3.730641276237879,1.767145867744259,2.262508326066394,0.073932179349951,0.032677086089884
3.730641276237879,1.963495408593621,2.272861718598471,0.074340362269595,0.032707824528558
3.730641276237879,2.159844949442983,2.271434492170521,0.074626416593735,0.032854311603952
3.730641276237879,2.356194490292345,2.221077756874585,0.073947475133282,0.033293510280945
3.730641276237879,2.552544031141707,2.052637679216999,0.070381031451242,0.034288092907897
3.730641276237879,2.748893571991069,1.662296092915809,0.059829759535022,0.035992239764021
3.730641276237879,2.945243112840431,0.960185563987562,0.036428201004938,0.037938709319535
3.730641276237879,3.141592653689793,0.000000024520536,0.000000038159211,1.556214396985255
3.730641276237879,3.337942194539155,0.960185564862770,0.036428201036507,0.037938709317832
3.730641276237879,3.534291735388517,1.662296093463771,0.059829759551385,0.035992239762001
3.730641276237879,3.730641276237879,2.052637679482024,0.070381031457498,0.034288092906517
3.730641276237879,3.926990817087241,2.221077756970987,0.073947475134976,0.033293510280262
3.730641276237879,4.123340357936604,2.271434492188297,0.074626416593730,0.032854311603693
3.730641276237879,4.319689898785965,2.272861718589688,0.074340362269151,0.032707824528489
3.730641276237879,4.516039439635327,2.262508326056853,0.073932179349621,0.032677086089876
3.730641276237879,4.712388980484690,2.257439883346027,0.073762278763012,0.032675190735835
3.730641276237879,4.908738521334052,2.262508326066395,0.073932179349951,0.032677086089884
3.730641276237879,5.105088062183414,2.272861718598473,0.074340362269595,0.032707824528558
3.730641276237879,5.301437603032776,2.271434492170521,0.074626416593735,0.032854311603952
3.730641276237879,5.497787143882138,2.221077756874581,0.073947475133282,0.033293510280945
3.730641276237879,5.694136684731500,2.052637679216996,0.070381031451243,0.034288092907897
3.730641276237879,5.890486225580862,1.662296092915808,0.059829759535022,0.035992239764021
3.730641276237879,6.086835766430224,0.960185563987565,0.036428201004938,0.037938709319536
3.926990817087241,0.000000000100000,0.000000077741387,0.000000128428206,1.651992744402920
3.926990817087241,0.196349540949362,0.960185564862770,0.036428201036506,0.037938709317831
3.926990817087241,0.392699081798724,1.662296093463763,0.059829759551384,0.035992239762000
3.926990817087241,0.589048622648086,2.052637679482022,0.070381031457498,0.034288092906517
3.926990817087241,0.785398163497448,2.221077756970985,0.073947475134976,0.033293510280263
3.926990817087241,0.981747704346810,2.271434492188295,0.074626416593730,0.032854311603693
3.926990817087241,1.178097245196172,2.272861718589688,0.074340362269151,0.032707824528489
3.926990817087241,1.374446786045534,2.262508326056853,0.073932179349621,0.032677086089876
3.926990817087241,1.570796326894897,2.257439883346028,0.073762278763012,0.032675190735835
3.926990817087241,1.767145867744259,2.262508326066394,0.073932179349951,0.032677086089884
3.926990817087241,1.963495408593621,2.272861718598472,0.074340362269595,0.032707824528558
3.926990817087241,2.159844949442983,2.271434492170521,0.074626416593735,0.032854311603952
3.926990817087241,2.356194490292345,2.221077756874585,0.073947475133282,0.033293510280945
3.926990817087241,2.552544031141707,2.052637679216999,0.070381031451242,0.034288092907897
3.926990817087241,2.748893571991069,1.662296092915806,0.059829759535022,0.035992239764021
3.926990817087241,2.945243112840431,0.960185563987562,0.036428201004938,0.037938709319535
3.926990817087241,3.141592653689793,0.000000016069573,0.000000034019159,2.116992115138292
3.926990817087241,3.337942194539155,0.960185564862769,0.036428201036507,0.037938709317832
3.926990817087241,3.534291735388517,1.662296093463769,0.059829759551385,0.035992239762001
3.926990817087241,3.730641276237879,2.052637679482024,0.070381031457498,0.034288092906517
3.926990817087241,3.926990817087241,2.221077756970987,0.073947475134976,0.033293510280262
3.926990817087241,4.123340357936604,2.271434492188297,0.074626416593730,0.032854311603693
3.926990817087241,4.319689898785965,2.272861718589688,0.074340362269151,0.032707824528489
3.926990817087241,4.516039439635327,2.262508326056853,0.073932179349621,0.032677086089876
3.926990817087241,4.712388980484690,2.257439883346027,0.073762278763012,0.032675190735835
3.926990817087241,4.908738521334052,2.262508326066394,0.073932179349951,0.032677086089884
3.926990817087241,5.105088062183414,2.272861718598472,0.074340362269595,0.032707824528558
3.926990817087241,5.301437603032776,2.271434492170519,0.074626416593735,0.032854311603952
3.926990817087241,5.497787143882138,2.221077756874583,0.073947475133282,0.033293510280945
3.926990817087241,5.694136684731500,2.052637679216999,0.070381031451243,0.034288092907897
3.926990817087241,5.890486225580862,1.662296092915809,0.059829759535022,0.035992239764022
3.926990817087241,6.086835766430224,0.960185563987563,0.036428201004940,0.037938709319537
4.123340357936604,0.000000000100000,0.000000087502126,0.000000114596266,1.309639785900242
4.123340357936604,0.196349540949362,0.960185564862768,0.036428201036508,0.037938709317833
4.123340357936604,0.392699081798724,1.662296093463770,0.059829759551385,0.035992239762000
4.123340357936604,0.589048622648086,2.052637679482022,0.070381031457498,0.034288092906517
4.123340357936604,0.785398163497448,2.221077756970986,0.073947475134976,0.033293510280262
4.123340357936604,0.981747704346810,2.271434492188296,0.074626416593730,0.032854311603693
4.123340357936604,1.178097245196172,2.272861718589688,0.074340362269151,0.032707824528489
4.123340357936604,1.374446786045534,2.262508326056853,0.073932179349621,0.032677086089876
4.123340357936604,1.570796326894897,2.257439883346027,0.073762278763012,0.032675190735835
4.123340357936604,1.767145867744259,2.262508326066394,0.073932179349951,0.032677086089884
4.123340357936604,1.963495408593621,2.272861718598472,0.074340362269595,0.032707824528558
4.123340357936604,2.159844949442983,2.271434492170521,0.074626416593735,0.032854311603952
4.123340357936604,2.356194490292345,2.221077756874585,0.073947475133282,0.033293510280945
4.123340357936604,2.552544031141707,2.052637679216999,0.070381031451242,0.034288092907897
4.123340357936604,2.748893571991069,1.662296092915809,0.059829759535022,0.035992239764021
4.123340357936604,2.945243112840431,0.960185563987562,0.036428201004938,0.037938709319535
4.123340357936604,3.141592653689793,0.000000022658216,0.000000036358530,1.604651053416676
4.123340357936604,3.337942194539155,0.960185564862770,0.036428201036507,0.037938709317832
4.123340357936604,3.534291735388517,1.662296093463771,0.059829759551385,0.035992239762001
4.123340357936604,3.730641276237879,2.052637679482024,0.070381031457498,0.034288092906517
4.123340357936604,3.926990817087241,2.221077756970988,0.073947475134976,0.033293510280262
4.123340357936604,4.123340357936604,2.271434492188296,0.074626416593730,0.032854311603693
4.123340357936604,4.319689898785965,2.272861718589688,0.074340362269151,0.032707824528489
4.123340357936604,4.516039439635327,2.262508326056853,0.073932179349621,0.032677086089876
4.123340357936604,4.712388980484690,2.257439883346027,0.073762278763012,0.032675190735835
4.123340357936604,4.908738521334052,2.262508326066394,0.073932179349951,0.032677086089884
4.123340357936604,5.105088062183414,2.272861718598472,0.074340362269595,0.032707824528558
4.123340357936604,5.301437603032776,2.271434492170521,0.074626416593735,0.032854311603952
4.123340357936604,5.497787143882138,2.221077756874585,0.073947475133282,0.033293510280945
4.123340357936604,5.694136684731500,2.052637679216998,0.070381031451243,0.034288092907897
4.123340357936604,5.890486225580862,1.662296092915807,0.059829759535022,0.035992239764022
4.123340357936604,6.086835766430224,0.960185563987560,0.036428201004940,0.037938709319537
4.319689898785965,0.000000000100000,0.000000067655393,0.000000085045548,1.257040198433489
4.319689898785965,0.196349540949362,0.960185564862768,0.036428201036507,0.037938709317832
4.319689898785965,0.392699081798724,1.662296093463770,0.059829759551385,0.035992239762000
4.319689898785965,0.589048622648086,2.052637679482022,0.070381031457498,0.034288092906517
4.319689898785965,0.785398163497448,2.221077756970985,0.073947475134976,0.033293510280263
4.319689898785965,0.981747704346810,2.271434492188295,0.074626416593730,0.032854311603693
4.319689898785965,1.178097245196172,2.272861718589687,0.074340362269151,0.032707824528489
4.319689898785965,1.374446786045534,2.262508326056853,0.073932179349621,0.032677086089876
4.319689898785965,1.570796326894897,2.257439883346027,0.073762278763012,0.032675190735835
4.319689898785965,1.767145867744259,2.262508326066394,0.073932179349951,0.032677086089884
4.319689898785965,1.963495408593621,2.272861718598472,0.074340362269595,0.032707824528558
4.319689898785965,2.159844949442983,2.271434492170521,0.074626416593735,0.032854311603952
4.319689898785965,2.356194490292345,2.221077756874585,0.073947475133282,0.033293510280945
4.319689898785965,2.552544031141707,2.052637679216999,0.070381031451242,0.034288092907897
4.319689898785965,2.748893571991069,1.662296092915809,0.059829759535022,0.035992239764021
4.319689898785965,2.945243112840431,0.960185563987562,0.036428201004938,0.037938709319535
4.319689898785965,3.141592653689793,0.000000017305172,0.000000028595331,1.652415270254835
4.319689898785965,3.337942194539155,0.960185564862769,0.036428201036507,0.037938709317832
4.319689898785965,3.534291735388517,1.662296093463771,0.059829759551385,0.035992239762001
4.319689898785965,3.730641276237879,2.052637679482024,0.070381031457498,0.034288092906517
4.319689898785965,3.926990817087241,2.221077756970988,0.073947475134976,0.033293510280262
4.319689898785965,4.123340357936604,2.271434492188296,0.074626416593730,0.032854311603693
4.319689898785965,4.319689898785965,2.272861718589687,0.074340362269151,0.032707824528489
4.319689898785965,4.516039439635327,2.262508326056853,0.073932179349621,0.032677086089876
4.319689898785965,4.712388980484690,2.257439883346027,0.073762278763012,0.032675190735835
4.319689898785965,4.908738521334052,2.262508326066394,0.073932179349951,0.032677086089884
4.319689898785965,5.105088062183414,2.272861718598472,0.074340362269595,0.032707824528558
4.319689898785965,5.301437603032776,2.271434492170521,0.074626416593735,0.032854311603952
4.319689898785965,5.497787143882138,2.221077756874585,0.073947475133282,0.033293510280945
4.319689898785965,5.694136684731500,2.052637679217000,0.070381031451243,0.034288092907897
4.319689898785965,5.890486225580862,1.662296092915809,0.059829759535023,0.035992239764022
4.319689898785965,6.086835766430224,0.960185563987558,0.036428201004939,0.037938709319537
4.516039439635327,0.000000000100000,0.000000032301412,0.000000043414652,1.344048136126560
4.516039439635327,0.196349540949362,0.960185564862768,0.036428201036507,0.037938709317832
4.516039439635327,0.392699081798724,1.662296093463766,0.059829759551385,0.035992239762001
4.516039439635327,0.589048622648086,2.052637679482022,0.070381031457497,0.034288092906517
4.516039439635327,0.785398163497448,2.221077756970985,0.073947475134976,0.033293510280263
4.516039439635327,0.981747704346810,2.271434492188297,0.074626416593731,0.032854311603693
4.516039439635327,1.178097245196172,2.272861718589689,0.074340362269151,0.032707824528489
4.516039439635327,1.374446786045534,2.262508326056853,0.073932179349621,0.032677086089876
4.516039439635327,1.570796326894897,2.257439883346027,0.073762278763012,0.032675190735835
4.516039439635327,1.767145867744259,2.262508326066394,0.073932179349951,0.032677086089884
4.516039439635327,1.963495408593621,2.272861718598472,0.074340362269595,0.032707824528558
4.516039439635327,2.159844949442983,2.271434492170521,0.074626416593735,0.032854311603952
4.516039439635327,2.356194490292345,2.221077756874585,0.073947475133282,0.033293510280945
4.516039439635327,2.552544031141707,2.052637679216999,0.070381031451242,0.034288092907897
4.516039439635327,2.748893571991069,1.662296092915806,0.059829759535022,0.035992239764021
4.516039439635327,2.945243112840431,0.960185563987562,0.036428201004938,0.037938709319535
4.516039439635327,3.141592653689793,0.000000009421936,0.000000014891025,1.580463382472516
4.516039439635327,3.337942194539155,0.960185564862770,0.036428201036507,0.037938709317832
4.516039439635327,3.534291735388517,1.662296093463768,0.059829759551385,0.035992239762001
4.516039439635327,3.730641276237879,2.052637679482026,0.070381031457498,0.034288092906517
4.516039439635327,3.926990817087241,2.221077756970987,0.073947475134976,0.033293510280262
4.516039439635327,4.123340357936604,2.271434492188294,0.074626416593730,0.032854311603693
4.516039439635327,4.319689898785965,2.272861718589687,0.074340362269151,0.032707824528489
4.516039439635327,4.516039439635327,2.262508326056853,0.073932179349621,0.032677086089876
4.516039439635327,4.712388980484690,2.257439883346027,0.073762278763012,0.032675190735835
4.516039439635327,4.908738521334052,2.262508326066394,0.073932179349951,0.032677086089884
4.516039439635327,5.105088062183414,2.272861718598472,0.074340362269595,0.032707824528558
4.516039439635327,5.301437603032776,2.271434492170523,0.074626416593735,0.032854311603952
4.516039439635327,5.497787143882138,2.221077756874585,0.073947475133282,0.033293510280945
4.516039439635327,5.694136684731500,2.052637679216996,0.070381031451243,0.034288092907897
4.516039439635327,5.890486225580862,1.662296092915804,0.059829759535022,0.035992239764021
4.516039439635327,6.086835766430224,0.960185563987563,0.036428201004940,0.037938709319537
4.712388980484690,0.000000000100000,0.000000000516303,0.000000000020062,0.038856512923450
4.712388980484690,0.196349540949362,0.960185564862768,0.036428201036506,0.037938709317832
4.712388980484690,0.392699081798724,1.662296093463770,0.059829759551385,0.035992239762001
4.712388980484690,0.589048622648086,2.052637679482021,0.070381031457498,0.034288092906517
4.712388980484690,0.785398163497448,2.221077756970986,0.073947475134976,0.033293510280263
4.712388980484690,0.981747704346810,2.271434492188296,0.074626416593730,0.032854311603693
4.712388980484690,1.178097245196172,2.272861718589688,0.074340362269151,0.032707824528489
4.712388980484690,1.374446786045534,2.262508326056853,0.073932179349621,0.032677086089876
4.712388980484690,1.570796326894897,2.257439883346027,0.073762278763012,0.032675190735835
4.712388980484690,1.767145867744259,2.262508326066395,0.073932179349951,0.032677086089884
4.712388980484690,1.963495408593621,2.272861718598471,0.074340362269595,0.032707824528558
4.712388980484690,2.159844949442983,2.271434492170521,0.074626416593735,0.032854311603952
4.712388980484690,2.356194490292345,2.221077756874585,0.073947475133283,0.033293510280945
4.712388980484690,2.552544031141707,2.052637679216999,0.070381031451242,0.034288092907897
4.712388980484690,2.748893571991069,1.662296092915809,0.059829759535022,0.035992239764021
4.712388980484690,2.945243112840431,0.960185563987562,0.036428201004938,0.037938709319535
4.712388980484690,3.141592653689793,0.000000000516302,0.000000000020062,0.038856512923448
4.712388980484690,3.337942194539155,0.960185564862774,0.036428201036507,0.037938709317832
4.712388980484690,3.534291735388517,1.662296093463771,0.059829759551385,0.035992239762001
4.712388980484690,3.730641276237879,2.052637679482023,0.070381031457498,0.034288092906517
4.712388980484690,3.926990817087241,2.221077756970984,0.073947475134976,0.033293510280262
4.712388980484690,4.123340357936604,2.271434492188297,0.074626416593730,0.032854311603693
4.712388980484690,4.319689898785965,2.272861718589688,0.074340362269151,0.032707824528489
4.712388980484690,4.516039439635327,2.262508326056853,0.073932179349621,0.032677086089876
4.712388980484690,4.712388980484690,2.257439883346028,0.073762278763012,0.032675190735835
4.712388980484690,4.908738521334052,2.262508326066394,0.073932179349951,0.032677086089884
4.712388980484690,5.105088062183414,2.272861718598472,0.074340362269595,0.032707824528558
4.712388980484690,5.301437603032776,2.271434492170522,0.074626416593735,0.032854311603952
4.712388980484690,5.497787143882138,2.221077756874581,0.073947475133282,0.033293510280945
4.712388980484690,5.694136684731500,2.052637679216999,0.070381031451243,0.034288092907897
4.712388980484690,5.890486225580862,1.662296092915807,0.059829759535022,0.035992239764022
4.712388980484690,6.086835766430224,0.960185563987566,0.036428201004939,0.037938709319536
4.908738521334052,0.000000000100000,0.000000036707544,0.000000045075465,1.227961867438702
4.908738521334052,0.196349540949362,0.960185564862768,0.036428201036508,0.037938709317833
4.908738521334052,0.392699081798724,1.662296093463765,0.059829759551384,0.035992239762000
4.908738521334052,0.589048622648086,2.052637679482023,0.070381031457498,0.034288092906517
4.908738521334052,0.785398163497448,2.221077756970985,0.073947475134976,0.033293510280263
4.908738521334052,0.981747704346810,2.271434492188296,0.074626416593730,0.032854311603693
4.908738521334052,1.178097245196172,2.272861718589688,0.074340362269151,0.032707824528489
4.908738521334052,1.374446786045534,2.262508326056852,0.073932179349621,0.032677086089876
4.908738521334052,1.570796326894897,2.257439883346027,0.073762278763012,0.032675190735835
4.908738521334052,1.767145867744259,2.262508326066394,0.073932179349951,0.032677086089884
4.908738521334052,1.963495408593621,2.272861718598472,0.074340362269595,0.032707824528558
4.908738521334052,2.159844949442983,2.271434492170521,0.074626416593735,0.032854311603952
4.908738521334052,2.356194490292345,2.221077756874585,0.073947475133282,0.033293510280945
4.908738521334052,2.552544031141707,2.052637679216999,0.070381031451242,0.034288092907897
4.908738521334052,2.748893571991069,1.662296092915807,0.059829759535022,0.035992239764021
4.908738521334052,2.945243112840431,0.960185563987562,0.036428201004938,0.037938709319535
4.908738521334052,3.141592653689793,0.000000009179855,0.000000014779699,1.610014420330169
4.908738521334052,3.337942194539155,0.960185564862770,0.036428201036507,0.037938709317832
4.908738521334052,3.534291735388517,1.662296093463768,0.059829759551385,0.035992239762001
4.908738521334052,3.730641276237879,2.052637679482020,0.070381031457498,0.034288092906517
4.908738521334052,3.926990817087241,2.221077756970987,0.073947475134976,0.033293510280262
4.908738521334052,4.123340357936604,2.271434492188298,0.074626416593730,0.032854311603693
4.908738521334052,4.319689898785965,2.272861718589688,0.074340362269151,0.032707824528489
4.908738521334052,4.516039439635327,2.262508326056853,0.073932179349621,0.032677086089876
4.908738521334052,4.712388980484690,2.257439883346027,0.073762278763012,0.032675190735835
4.908738521334052,4.908738521334052,2.262508326066394,0.073932179349951,0.032677086089884
4.908738521334052,5.105088062183414,2.272861718598471,0.074340362269595,0.032707824528558
4.908738521334052,5.301437603032776,2.271434492170520,0.074626416593735,0.032854311603952
4.908738521334052,5.497787143882138,2.221077756874582,0.073947475133283,0.033293510280945
4.908738521334052,5.694136684731500,2.052637679217002,0.070381031451243,0.034288092907897
4.908738521334052,5.890486225580862,1.662296092915810,0.059829759535021,0.035992239764021
4.908738521334052,6.086835766430224,0.960185563987561,0.036428201004939,0.037938709319536
5.105088062183414,0.000000000100000,0.000000060616153,0.000000081296512,1.341169106827779
5.105088062183414,0.196349540949362,0.960185564862767,0.036428201036507,0.037938709317833
5.105088062183414,0.392699081798724,1.662296093463769,0.059829759551384,0.035992239762000
5.105088062183414,0.589048622648086,2.052637679482024,0.070381031457498,0.034288092906517
5.105088062183414,0.785398163497448,2.221077756970987,0.073947475134976,0.033293510280263
5.105088062183414,0.981747704346810,2.271434492188297,0.074626416593730,0.032854311603693
5.105088062183414,1.178097245196172,2.272861718589688,0.074340362269151,0.032707824528489
5.105088062183414,1.374446786045534,2.262508326056852,0.073932179349621,0.032677086089876
5.105088062183414,1.570796326894897,2.257439883346028,0.073762278763012,0.032675190735835
5.105088062183414,1.767145867744259,2.262508326066394,0.073932179349951,0.032677086089884
5.105088062183414,1.963495408593621,2.272861718598471,0.074340362269595,0.032707824528558
5.105088062183414,2.159844949442983,2.271434492170521,0.074626416593735,0.032854311603952
5.105088062183414,2.356194490292345,2.221077756874585,0.073947475133282,0.033293510280945
5.105088062183414,2.552544031141707,2.052637679216999,0.070381031451242,0.034288092907897
5.105088062183414,2.748893571991069,1.662296092915809,0.059829759535022,0.035992239764021
5.105088062183414,2.945243112840431,0.960185563987557,0.036428201004938,0.037938709319535
5.105088062183414,3.141592653689793,0.000000018872642,0.000000029056015,1.539583846499593
5.105088062183414,3.337942194539155,0.960185564862765,0.036428201036507,0.037938709317832
5.105088062183414,3.534291735388517,1.662296093463771,0.059829759551385,0.035992239762001
5.105088062183414,3.730641276237879,2.052637679482024,0.070381031457498,0.034288092906517
5.105088062183414,3.926990817087241,2.221077756970988,0.073947475134976,0.033293510280262
5.105088062183414,4.123340357936604,2.271434492188296,0.074626416593730,0.032854311603693
5.105088062183414,4.319689898785965,2.272861718589688,0.074340362269151,0.032707824528489
5.105088062183414,4.516039439635327,2.262508326056852,0.073932179349621,0.032677086089876
5.105088062183414,4.712388980484690,2.257439883346027,0.073762278763012,0.032675190735835
5.105088062183414,4.908738521334052,2.262508326066394,0.073932179349951,0.032677086089884
5.105088062183414,5.105088062183414,2.272861718598472,0.074340362269595,0.032707824528558
5.105088062183414,5.301437603032776,2.271434492170521,0.074626416593735,0.032854311603952
5.105088062183414,5.497787143882138,2.221077756874584,0.073947475133282,0.033293510280945
5.105088062183414,5.694136684731500,2.052637679216999,0.070381031451242,0.034288092907897
5.105088062183414,5.890486225580862,1.662296092915806,0.059829759535022,0.035992239764021
5.105088062183414,6.086835766430224,0.960185563987557,0.036428201004938,0.037938709319536
5.301437603032776,0.000000000100000,0.000000088786326,0.000000114819294,1.293209211024574
5.301437603032776,0.196349540949362,0.960185564862769,0.036428201036508,0.037938709317833
5.301437603032776,0.392699081798724,1.662296093463770,0.059829759551384,0.035992239762000
5.301437603032776,0.589048622648086,2.052637679482022,0.070381031457498,0.034288092906517
5.301437603032776,0.785398163497448,2.221077756970986,0.073947475134976,0.033293510280263
5.301437603032776,0.981747704346810,2.271434492188296,0.074626416593730,0.032854311603693
5.301437603032776,1.178097245196172,2.272861718589688,0.074340362269151,0.032707824528489
5.301437603032776,1.374446786045534,2.262508326056852,0.073932179349621,0.032677086089876
5.301437603032776,1.570796326894897,2.257439883346027,0.073762278763012,0.032675190735835
5.301437603032776,1.767145867744259,2.262508326066394,0.073932179349951,0.032677086089884
5.301437603032776,1.963495408593621,2.272861718598471,0.074340362269595,0.032707824528558
5.301437603032776,2.159844949442983,2.271434492170521,0.074626416593735,0.032854311603952
5.301437603032776,2.356194490292345,2.221077756874585,0.073947475133282,0.033293510280945
5.301437603032776,2.552544031141707,2.052637679216999,0.070381031451242,0.034288092907897
5.301437603032776,2.748893571991069,1.662296092915809,0.059829759535022,0.035992239764021
5.301437603032776,2.945243112840431,0.960185563987557,0.036428201004938,0.037938709319535
5.301437603032776,3.141592653689793,0.000000024520536,0.000000038159211,1.556214396985255
5.301437603032776,3.337942194539155,0.960185564862765,0.036428201036507,0.037938709317832
5.301437603032776,3.534291735388517,1.662296093463771,0.059829759551385,0.035992239762001
5.301437603032776,3.730641276237879,2.052637679482024,0.070381031457498,0.034288092906517
5.301437603032776,3.926990817087241,2.221077756970988,0.073947475134976,0.033293510280262
5.301437603032776,4.123340357936604,2.271434492188297,0.074626416593730,0.032854311603693
5.301437603032776,4.319689898785965,2.272861718589688,0.074340362269151,0.032707824528489
5.301437603032776,4.516039439635327,2.262508326056852,0.073932179349621,0.032677086089876
5.301437603032776,4.712388980484690,2.257439883346027,0.073762278763012,0.032675190735835
5.301437603032776,4.908738521334052,2.262508326066394,0.073932179349951,0.032677086089884
5.301437603032776,5.105088062183414,2.272861718598473,0.074340362269595,0.032707824528558
5.301437603032776,5.301437603032776,2.271434492170521,0.074626416593735,0.032854311603952
5.301437603032776,5.497787143882138,2.221077756874585,0.073947475133282,0.033293510280945
5.301437603032776,5.694136684731500,2.052637679216997,0.070381031451243,0.034288092907897
5.301437603032776,5.890486225580862,1.662296092915809,0.059829759535022,0.035992239764022
5.301437603032776,6.086835766430224,0.960185563987558,0.036428201004938,0.037938709319535
5.497787143882138,0.000000000100000,0.000000071516508,0.000000124641636,1.742837270346249
5.497787143882138,0.196349540949362,0.960185564862768,0.036428201036508,0.037938709317833
5.497787143882138,0.392699081798724,1.662296093463767,0.059829759551384,0.035992239762000
5.497787143882138,0.589048622648086,2.052637679482021,0.070381031457498,0.034288092906517
5.497787143882138,0.785398163497448,2.221077756970985,0.073947475134976,0.033293510280263
5.497787143882138,0.981747704346810,2.271434492188296,0.074626416593731,0.032854311603693
5.497787143882138,1.178097245196172,2.272861718589688,0.074340362269151,0.032707824528489
5.497787143882138,1.374446786045534,2.262508326056853,0.073932179349621,0.032677086089876
5.497787143882138,1.570796326894897,2.257439883346027,0.073762278763012,0.032675190735835
5.497787143882138,1.767145867744259,2.262508326066394,0.073932179349951,0.032677086089884
5.497787143882138,1.963495408593621,2.272861718598472,0.074340362269595,0.032707824528558
5.497787143882138,2.159844949442983,2.271434492170521,0.074626416593735,0.032854311603952
5.497787143882138,2.356194490292345,2.221077756874585,0.073947475133282,0.033293510280945
5.497787143882138,2.552544031141707,2.052637679216995,0.070381031451242,0.034288092907897
5.497787143882138,2.748893571991069,1.662296092915806,0.059829759535022,0.035992239764021
5.497787143882138,2.945243112840431,0.960185563987561,0.036428201004938,0.037938709319535
5.497787143882138,3.141592653689793,0.000000017523051,0.000000035316496,2.015430793974836
5.497787143882138,3.337942194539155,0.960185564862769,0.036428201036507,0.037938709317832
5.497787143882138,3.534291735388517,1.662296093463769,0.059829759551385,0.035992239762001
5.497787143882138,3.730641276237879,2.052637679482026,0.070381031457498,0.034288092906517
5.497787143882138,3.926990817087241,2.221077756970987,0.073947475134976,0.033293510280262
5.497787143882138,4.123340357936604,2.271434492188294,0.074626416593730,0.032854311603693
5.497787143882138,4.319689898785965,2.272861718589686,0.074340362269151,0.032707824528489
5.497787143882138,4.516039439635327,2.262508326056852,0.073932179349621,0.032677086089876
5.497787143882138,4.712388980484690,2.257439883346027,0.073762278763012,0.032675190735835
5.497787143882138,4.908738521334052,2.262508326066394,0.073932179349951,0.032677086089884
5.497787143882138,5.105088062183414,2.272861718598473,0.074340362269595,0.032707824528558
5.497787143882138,5.301437603032776,2.271434492170522,0.074626416593735,0.032854311603952
5.497787143882138,5.497787143882138,2.221077756874583,0.073947475133282,0.033293510280945
5.497787143882138,5.694136684731500,2.052637679216994,0.070381031451242,0.034288092907897
5.497787143882138,5.890486225580862,1.662296092915802,0.059829759535022,0.035992239764022
5.497787143882138,6.086835766430224,0.960185563987564,0.036428201004939,0.037938709319536
5.694136684731500,0.000000000100000,0.000000089036853,0.000000116902852,1.312971519292700
5.694136684731500,0.196349540949362,0.960185564862769,0.036428201036507,0.037938709317832
5.694136684731500,0.392699081798724,1.662296093463770,0.059829759551385,0.035992239762000
5.694136684731500,0.589048622648086,2.052637679482022,0.070381031457498,0.034288092906517
5.694136684731500,0.785398163497448,2.221077756970984,0.073947475134976,0.033293510280262
5.694136684731500,0.981747704346810,2.271434492188296,0.074626416593730,0.032854311603693
5.694136684731500,1.178097245196172,2.272861718589687,0.074340362269151,0.032707824528489
5.694136684731500,1.374446786045534,2.262508326056852,0.073932179349621,0.032677086089876
5.694136684731500,1.570796326894897,2.257439883346027,0.073762278763012,0.032675190735835
5.694136684731500,1.767145867744259,2.262508326066394,0.073932179349951,0.032677086089884
5.694136684731500,1.963495408593621,2.272861718598472,0.074340362269595,0.032707824528558
5.694136684731500,2.159844949442983,2.271434492170521,0.074626416593735,0.032854311603952
5.694136684731500,2.356194490292345,2.221077756874584,0.073947475133282,0.033293510280945
5.694136684731500,2.552544031141707,2.052637679216999,0.070381031451242,0.034288092907897
5.694136684731500,2.748893571991069,1.662296092915809,0.059829759535022,0.035992239764021
5.694136684731500,2.945243112840431,0.960185563987567,0.036428201004938,0.037938709319535
5.694136684731500,3.141592653689793,0.000000021583662,0.000000036296574,1.681668978750278
5.694136684731500,3.337942194539155,0.960185564862774,0.036428201036507,0.037938709317832
5.694136684731500,3.534291735388517,1.662296093463771,0.059829759551385,0.035992239762001
5.694136684731500,3.730641276237879,2.052637679482024,0.070381031457498,0.034288092906517
5.694136684731500,3.926990817087241,2.221077756970984,0.073947475134976,0.033293510280262
5.694136684731500,4.123340357936604,2.271434492188296,0.074626416593730,0.032854311603693
5.694136684731500,4.319689898785965,2.272861718589688,0.074340362269151,0.032707824528489
5.694136684731500,4.516039439635327,2.262508326056853,0.073932179349621,0.032677086089876
5.694136684731500,4.712388980484690,2.257439883346027,0.073762278763012,0.032675190735835
5.694136684731500,4.908738521334052,2.262508326066395,0.073932179349951,0.032677086089884
5.694136684731500,5.105088062183414,2.272861718598473,0.074340362269595,0.032707824528558
5.694136684731500,5.301437603032776,2.271434492170521,0.074626416593735,0.032854311603952
5.694136684731500,5.497787143882138,2.221077756874581,0.073947475133282,0.033293510280945
5.694136684731500,5.694136684731500,2.052637679216998,0.070381031451243,0.034288092907897
5.694136684731500,5.890486225580862,1.662296092915807,0.059829759535021,0.035992239764021
5.694136684731500,6.086835766430224,0.960185563987566,0.036428201004939,0.037938709319536
5.890486225580862,0.000000000100000,0.000000065137933,0.000000083321946,1.279161637563162
5.890486225580862,0.196349540949362,0.960185564862768,0.036428201036507,0.037938709317832
5.890486225580862,0.392699081798724,1.662296093463770,0.059829759551385,0.035992239762000
5.890486225580862,0.589048622648086,2.052637679482023,0.070381031457498,0.034288092906517
5.890486225580862,0.785398163497448,2.221077756970985,0.073947475134976,0.033293510280263
5.890486225580862,0.981747704346810,2.271434492188295,0.074626416593730,0.032854311603693
5.890486225580862,1.178097245196172,2.272861718589688,0.074340362269151,0.032707824528489
5.890486225580862,1.374446786045534,2.262508326056853,0.073932179349621,0.032677086089876
5.890486225580862,1.570796326894897,2.257439883346027,0.073762278763012,0.032675190735835
5.890486225580862,1.767145867744259,2.262508326066394,0.073932179349951,0.032677086089884
5.890486225580862,1.963495408593621,2.272861718598471,0.074340362269595,0.032707824528558
5.890486225580862,2.159844949442983,2.271434492170521,0.074626416593735,0.032854311603952
5.890486225580862,2.356194490292345,2.221077756874583,0.073947475133282,0.033293510280945
5.890486225580862,2.552544031141707,2.052637679216999,0.070381031451242,0.034288092907897
5.890486225580862,2.748893571991069,1.662296092915809,0.059829759535022,0.035992239764021
5.890486225580862,2.945243112840431,0.960185563987566,0.036428201004938,0.037938709319535
5.890486225580862,3.141592653689793,0.000000018262078,0.000000028848409,1.579689240136410
5.890486225580862,3.337942194539155,0.960185564862774,0.036428201036507,0.037938709317832
5.890486225580862,3.534291735388517,1.662296093463771,0.059829759551385,0.035992239762001
5.890486225580862,3.730641276237879,2.052637679482024,0.070381031457498,0.034288092906517
5.890486225580862,3.926990817087241,2.221077756970984,0.073947475134976,0.033293510280262
5.890486225580862,4.123340357936604,2.271434492188296,0.074626416593730,0.032854311603693
5.890486225580862,4.319689898785965,2.272861718589687,0.074340362269151,0.032707824528489
5.890486225580862,4.516039439635327,2.262508326056853,0.073932179349621,0.032677086089876
5.890486225580862,4.712388980484690,2.257439883346027,0.073762278763012,0.032675190735835
5.890486225580862,4.908738521334052,2.262508326066394,0.073932179349951,0.032677086089884
5.890486225580862,5.105088062183414,2.272861718598472,0.074340362269595,0.032707824528558
5.890486225580862,5.301437603032776,2.271434492170521,0.074626416593735,0.032854311603952
5.890486225580862,5.497787143882138,2.221077756874581,0.073947475133282,0.033293510280945
5.890486225580862,5.694136684731500,2.052637679216999,0.070381031451243,0.034288092907897
5.890486225580862,5.890486225580862,1.662296092915807,0.059829759535022,0.035992239764021
5.890486225580862,6.086835766430224,0.960185563987568,0.036428201004939,0.037938709319536
6.086835766430224,0.000000000100000,0.000000034770331,0.000000044994984,1.294062564271031
6.086835766430224,0.196349540949362,0.960185564862768,0.036428201036507,0.037938709317832
6.086835766430224,0.392699081798724,1.662296093463766,0.059829759551385,0.035992239762000
6.086835766430224,0.589048622648086,2.052637679482023,0.070381031457498,0.034288092906517
6.086835766430224,0.785398163497448,2.221077756970984,0.073947475134976,0.033293510280263
6.086835766430224,0.981747704346810,2.271434492188296,0.074626416593730,0.032854311603693
6.086835766430224,1.178097245196172,2.272861718589689,0.074340362269151,0.032707824528489
6.086835766430224,1.374446786045534,2.262508326056853,0.073932179349621,0.032677086089876
6.086835766430224,1.570796326894897,2.257439883346027,0.073762278763012,0.032675190735835
6.086835766430224,1.767145867744259,2.262508326066394,0.073932179349951,0.032677086089884
6.086835766430224,1.963495408593621,2.272861718598472,0.074340362269595,0.032707824528558
6.086835766430224,2.159844949442983,2.271434492170521,0.074626416593735,0.032854311603952
6.086835766430224,2.356194490292345,2.221077756874585,0.073947475133283,0.033293510280945
6.086835766430224,2.552544031141707,2.052637679217001,0.070381031451242,0.034288092907897
6.086835766430224,2.748893571991069,1.662296092915806,0.059829759535022,0.035992239764021
6.086835766430224,2.945243112840431,0.960185563987562,0.036428201004938,0.037938709319535
6.086835766430224,3.141592653689793,0.000000009764120,0.000000014961653,1.532309427328705
6.086835766430224,3.337942194539155,0.960185564862770,0.036428201036507,0.037938709317832
6.086835766430224,3.534291735388517,1.662296093463768,0.059829759551385,0.035992239762001
6.086835766430224,3.730641276237879,2.052637679482020,0.070381031457498,0.034288092906517
6.086835766430224,3.926990817087241,2.221077756970987,0.073947475134976,0.033293510280262
6.086835766430224,4.123340357936604,2.271434492188298,0.074626416593730,0.032854311603693
6.086835766430224,4.319689898785965,2.272861718589689,0.074340362269151,0.032707824528489
6.086835766430224,4.516039439635327,2.262508326056852,0.073932179349621,0.032677086089876
6.086835766430224,4.712388980484690,2.257439883346027,0.073762278763012,0.032675190735835
6.086835766430224,4.908738521334052,2.262508326066394,0.073932179349951,0.032677086089884
6.086835766430224,5.105088062183414,2.272861718598471,0.074340362269595,0.032707824528558
6.086835766430224,5.301437603032776,2.271434492170520,0.074626416593735,0.032854311603952
6.086835766430224,5.497787143882138,2.221077756874585,0.073947475133282,0.033293510280945
6.086835766430224,5.694136684731500,2.052637679217000,0.070381031451243,0.034288092907897
6.086835766430224,5.890486225580862,1.662296092915814,0.059829759535022,0.035992239764021
6.086835766430224,6.086835766430224,0.960185563987562,0.036428201004938,0.037938709319535
